fr,en,de,es,it,th,zh,phon,pinyin,category
Bonjour,Hello,Hallo,Hola,Ciao,สวัสดี,你好,sà-wàt-dii,nǐ hǎo,noyau
Au revoir,Goodbye,Tschüss,Adiós,Ciao,ลาก่อน,再见,làa-gɔ̀ɔn,zài jiàn,noyau
Merci,Thank you,Danke,Gracias,Grazie,ขอบคุณ,谢谢,khòp-khun,xiè xiè,noyau
Excusez-moi,Excuse me,Entschuldigung,Disculpe,Scusa,ขอโทษ,对不起,khɔ̌ɔ-thôot,duì bù qǐ,noyau
S'il vous plaît,Please,Bitte,Por favor,Per favore,กรุณา,请,kru-naa,qǐng,noyau
Combien ça coûte ?,How much is it ?,Wie viel kostet das ?,¿Cuánto cuesta ?,Quanto costa ?,ราคาเท่าไร ?,多少钱,raakhaa thâo-rai ?,duō shǎo qián,noyau
Où est...,Where is...,Wo ist...,¿Dónde está... ?,Dov'è... ?,...อยู่ที่ไหน ?,...在哪里,... yùu thîi năi ?,... zài nǎ lǐ,noyau
Je voudrais...,I would like...,Ich möchte...,Me gustaría...,Vorrei...,อยาก...,我想,yàak...,wǒ xiǎng,noyau
Du riz,Rice,Reis,Arroz,Riso,ข้าว,米饭,khâao,mǐ fàn,noyau
Du poulet,Chicken,Hähnchen,Pollo,Pollo,ไก่,鸡肉,gài,jī ròu,noyau
De l'eau,Water,Wasser,Agua,Acqua,น้ำ,náam,noyau
Une bière,Beer,Bier,Cerveza,Birra,เบียร์,bia,noyau
Un taxi,Taxi,Taxi,Taxi,Taxi,แท็กซี่,thɛ́ɛk-sìi,noyau
L'aéroport,Airport,Flughafen,Aeropuerto,Aeroporto,สนามบิน,sà-nǎam-bin,noyau
L'hôtel,Hotel,Hotel,Hotel,Hotel,โรงแรม,roong-rɛɛm,noyau
J'ai mal,It hurts,Es tut weh,Me duele,Mi fa male,ปวด,puat,noyau
Docteur,Doctor,Arzt,Médico,Dottore,หมอ,mɔ̌ɔ,noyau
Police,Police,Polizei,Policía,Polizia,ตำรวจ,tam-rùat,noyau
Aide,Help,Hilfe,Ayuda,Aiuto,ช่วยเหลือ,chûai lʉ̂a,noyau
Amour,Love,Liebe,Amor,Amore,รัก,rák,noyau
Beau/Belle,Beautiful/Handsome,Schön/Gutaussehend,Hermoso/a,Bello/a,สวย/หล่อ,sŭai/lòr,noyau
Famille,Family,Familie,Familia,Famiglia,ครอบครัว,khrɔ̂ɔp-khrua,noyau
Ami,Friend,Freund,Amigo/a,Amico/a,เพื่อน,phʉ̂an,noyau
Travail,Work,Arbeit,Trabajo,Lavoro,งาน,ngaan,noyau
École,School,Schule,Escuela,Scuola,โรงเรียน,roong-rian,noyau
Manger,Eat,Essen,Comer,Mangiare,กิน,gin,noyau
Boire,Drink,Trinken,Beber,Bere,ดื่ม,dʉ̀ʉm,noyau
Oui,Yes,Ja,Sí,Sì,ใช่,châi,noyau
Non,No,Nein,No,No,ไม่ใช่,mâi châi,noyau
Je,I,Ich,Yo,Io,ฉัน,chán,noyau
Tu,You (informal),Du,Tú,Tu,เธอ,thəər,noyau
Il/Elle,He/She,Er/Sie,Él/Ella,Lui/Lei,เขา,khǎo,noyau
Nous,We,Wir,Nosotros/as,Noi,เรา,rao,noyau
Vous,You (formal/plural),Sie,Ustedes/Vosotros/as,Voi,คุณ,khun,noyau
Ils/Elles,They,Sie,Ellos/Ellas,Loro,พวกเขา,phûak khǎo,noyau
Être,To be,Sein,Ser/Estar,Essere,เป็น,pen,noyau
Avoir,To have,Haben,Tener,Avere,มี,mii,noyau
Aller,To go,Gehen,Ir,Andare,ไป,pai,noyau
Faire,To do/Make,Machen/Tun,Hacer,Fare,ทำ,tham,noyau
Dire,To say,Sagen,Decir,Dire,พูด,phûut,noyau
Voir,To see,Sehen,Ver,Vedere,เห็น,hen,noyau
Venir,To come,Kommen,Venir,Venire,มา,maa,noyau
Pouvoir,Can,Können,Poder,Potere,สามารถ,sǎa-mâat,noyau
Vouloir,To want,Wollen,Querer,Volere,อยาก,yàak,noyau
Savoir,To know,Wissen,Saber,Sapere,รู้,rúu,noyau
Un,One,Ein,Uno,Uno,หนึ่ง,nʉ̀ng,noyau
Deux,Two,Zwei,Dos,Due,สอง,sɔ̌ɔng,noyau
Trois,Three,Drei,Tres,Tre,สาม,sǎam,noyau
Quatre,Four,Vier,Cuatro,Quattro,สี่,sìi,noyau
Cinq,Five,Fünf,Cinco,Cinque,ห้า,hâa,noyau
Six,Six,Sechs,Seis,Sei,หก,hòk,noyau
Sept,Seven,Sieben,Siete,Sette,เจ็ด,jèt,noyau
Huit,Eight,Acht,Ocho,Otto,แปด,pɛ̀ɛt,noyau
Neuf,Nine,Neun,Nueve,Nove,เก้า,gâao,noyau
Dix,Ten,Zehn,Diez,Dieci,สิบ,sìp,noyau
Rouge,Red,Rot,Rojo,Rosso,สีแดง,sǐi dɛɛng,noyau
Bleu,Blue,Blau,Azul,Blu,สีน้ำเงิน,sǐi náam ngern,noyau
Vert,Green,Grün,Verde,Verde,สีเขียว,sǐi khǐao,noyau
Jaune,Yellow,Gelb,Amarillo,Giallo,สีเหลือง,sǐi lʉ̌ang,noyau
Noir,Black,Schwarz,Negro,Nero,สีดำ,sǐi dam,noyau
Blanc,White,Weiß,Blanco,Bianco,สีขาว,sǐi khǎao,noyau
Grand,Big/Gross,Groß,Grande,Grande,ใหญ่,yài,noyau
Petit,Small/Klein,Klein,Pequeño,Piccolo,เล็ก,lék,noyau
Bon,Good,Gut,Bueno,Buono,ดี,dii,noyau
Mauvais,Bad,Schlecht,Malo,Cattivo,ไม่ดี,mâi dii,noyau
Chaud,Hot,Heiß,Caliente,Caldo,ร้อน,rɔ́ɔn,noyau
Froid,Cold,Kalt,Frío,Freddo,เย็น,yen,noyau
Nouveau,New,Neu,Nuevo,Nuovo,ใหม่,mài,noyau
Ancien,Old,Alt,Antiguo,Vecchio,เก่า,gào,noyau
Beaucoup,Many/Very,Much/Viele,Mucho,Molto,มาก,mâak,noyau
Peu,Little/Wenig,Wenig/Etwas,Poco,Poco,น้อย,nɔ́ɔi,noyau
Aujourd'hui,Today,Heute,Hoy,Oggi,วันนี้,wan níi,quotidien
Demain,Tomorrow,Morgen,Mañana,Domani,พรุ่งนี้,phrûng níi,quotidien
Hier,Yesterday,Gestern,Ayer,Ieri,เมื่อวาน,mʉ̂a waan,quotidien
Maintenant,Now,Jetzt,Ahora,Ora,ตอนนี้,ton níi,quotidien
Matin,Morning,Morgen,Mañana,Mattina,เช้า,cháao,quotidien
Soir,Evening,Abend,Tarde,Sera,เย็น,yen,quotidien
Nuit,Night,Nacht,Noche,Notte,กลางคืน,klang khʉn,quotidien
Heure,Hour/Stunde,Stunde/Uhr,Hora,Ora,ชั่วโมง,chùa moong,quotidien
Minute,Minute,Minute,Minuto,Minuto,นาที,naa-thii,quotidien
Seconde,Second,Sekunde,Segundo,Secondo,วินาที,wi-naa-thii,quotidien
Pain,Bread,Brot,Pan,Pane,ขนมปัง,khà-nom pang,quotidien
Fromage,Cheese,Käse,Queso,Formaggio,ชีส,chíis,quotidien
Lait,Milk,Milch,Leche,Latte,นม,nom,quotidien
Jus,Juice,Saft,Jugo,Succo,น้ำผลไม้,náam phǒn lá-mái,quotidien
Café,Coffee,Kaffee,Café,Caffè,กาแฟ,gaa-fɛɛ,quotidien
Thé,Tea,Tee,Té,Tè,ชา,chaa,quotidien
Vin,Wine,Wein,Vino,Vino,ไวน์,wai,quotidien
Soupe,Soup,Suppe,Sopa,Zuppa,ซุป,súp,quotidien
Salade,Salad,Salat,Ensalada,Insalata,สลัด,sà-làt,quotidien
Fruits,Fruits,Früchte,Frutas,Frutta,ผลไม้,phǒn lá-mái,quotidien
Légumes,Vegetables,Gemüse,Verduras,Verdura,ผัก,phàk,quotidien
Pomme,Apple,Apfel,Manzana,Mela,แอปเปิล,ɛɛp-pəən,quotidien
Banane,Banana,Banane,Plátano,Banana,กล้วย,glûai,quotidien
Orange,Orange,Orange,Naranja,Arancia,ส้ม,sǒm,quotidien
Tomate,Tomato,Tomate,Tomate,Pomodoro,มะเขือเทศ,má-khʉ̌a-thɛ̂ɛt,quotidien
Carotte,Carrot,Karotte,Zanahoria,Carota,แครอท,khɛɛ-rót,quotidien
Mais,Corn/Mais,Mais,Maíz,Mais,ข้าวโพด,khâao phôot,quotidien
Restaurant,Restaurant,Restaurant,Restaurante,Ristorante,ร้านอาหาร,râan aa-hǎan,quotidien
Menu,Menu,Speisekarte,Menú,Menu,เมนู,mé-nuu,quotidien
Addition,Bill/Rechnung,Rechnung,Cuenta,Conto,บิล,bil,quotidien
Cuisinier,Cook,Koch,Cocinero,Cuoco,พ่อครัว,phɔ̂ɔ khrua,quotidien
Serveur,Waiter,Kellner,Camarero,Cameriere,บริกร,bɔɔ-ri-gɔɔn,quotidien
Table,Table,Tisch,Mesa,Tavolo,โต๊ะ,tó,quotidien
Chaise,Chair,Stuhl,Silla,Sedia,เก้าอี้,gâo-îi,quotidien
Fourchette,Fork,Gabel,Tenedor,Forchetta,ส้อม,sɔ̂ɔm,quotidien
Couteau,Knife,Messer,Cuchillo,Coltello,มีด,mîit,quotidien
Cuillère,Spoon,Löffel,Cuchara,Cucchiaio,ช้อน,chɔ́ɔn,quotidien
Assiette,Plate,Teller,Plato,Piatto,จาน,jaan,quotidien
Verre,Glass,Glas,Vaso,Bicchiere,แก้ว,gɛ̂ɛo,quotidien
Tasse,Cup,Tasse,Taza,Tazza,ถ้วย,thûai,quotidien
Bus,Bus,Bus,Autobús,Autobus,รถเมล์,rót mee,quotidien
Voiture,Car,Auto,Coche,Auto,รถยนต์,rót yon,quotidien
Moto,Motorbike,Motorrad,Motocicleta,Motocicletta,มอเตอร์ไซค์,mɔɔ-thəə-sai,quotidien
Train,Train,Zug,Tren,Treno,รถไฟ,rót fai,quotidien
Avion,Airplane,Flugzeug,Avión,Aereo,เครื่องบิน,khrʉ̂ang bin,quotidien
Bateau,Boat,Schiff,Barco,Barca,เรือ,rʉa,quotidien
Vélo,Bike,Fahrrad,Bicicleta,Bicicletta,จักรยาน,jàk-grà-yaan,quotidien
Arrêt,Stop,Haltestelle,Parada,Fermata,ป้าย,pâai,quotidien
Station,Station,Station,Estación,Stazione,สถานี,sà-thǎa-nii,quotidien
Billet,Ticket,Fahrkarte,Billete,Biglietto,ตั๋ว,dtǔa,quotidien
Conducteur,Driver,Busfahrer,Conductor,Autista,คนขับ,khon khàp,quotidien
Essence,Gas/Petrol,Benzin,Gasolina,Benzina,น้ำมัน,náam man,quotidien
Parking,Parking,Parkplatz,Estacionamiento,Parcheggio,ที่จอด,thîi jɔ̀ɔt,quotidien
Route,Road,Straße,Carretera,Strada,ถนน,thà-nǒn,quotidien
Pont,Bridge,Brücke,Puente,Ponte,สะพาน,sà-paan,quotidien
Maison,House,Haus,Casa,Casa,บ้าน,bâan,quotidien
Appartement,Apartment,Wohnung,Apartamento,Appartamento,อพาร์ตเมนต์,à-pâat-mén,quotidien
Chambre,Room,Zimmer,Habitación,Stanza,ห้อง,hɔ̂ɔng,quotidien
Salle de bain,Bathroom,Badezimmer,Baño,Bagno,ห้องน้ำ,hɔ̂ɔng náam,quotidien
Cuisine,Kitchen,Küche,Cocina,Cucina,ครัว,khrua,quotidien
Salon,Living room,Wohnzimmer,Sala de estar,Soggiorno,ห้องนั่งเล่น,hɔ̂ɔng náng len,quotidien
Lit,Bed,Bett,Cama,Letto,เตียง,dtǐang,quotidien
Bureau,Desk,Schreibtisch,Escritorio,Scrivania,โต๊ะทำงาน,tó tham ngaan,quotidien
Chaise,Chair,Stuhl,Silla,Sedia,เก้าอี้,gâo-îi,quotidien
Fenêtre,Window,Fenster,Ventana,Finestra,หน้าต่าง,nâa dtàang,quotidien
Porte,Door,Tür,Puerta,Porta,ประตู,prà-dtuu,quotidien
Clé,Key,Schlüssel,Llave,Chiave,กุญแจ,gun-jɛɛ,quotidien
Électricité,Electricity,Strom,Electricidad,Elettricità,ไฟฟ้า,fai fáa,quotidien
Eau,Water,Wasser,Agua,Acqua,น้ำ,náam,quotidien
Chauffage,Heating,Heizung,Calefacción,Riscaldamento,เครื่องทำความร้อน,khrʉ̂ang tham khwaam rɔ́ɔn,quotidien
Internet,Internet,Internet,Internet,Internet,อินเทอร์เน็ต,in-thəə-nét,quotidien
Téléphone,Telephone,Telefon,Teléfono,Telefono,โทรศัพท์,tho-ra-sàp,quotidien
Ordinateur,Computer,Computer,Computadora,Computer,คอมพิวเตอร์,khɔɔm-phiw-tôe,quotidien
Télévision,Television,Fernsehen,Televisión,Televisione,โทรทัศน์,tho-ra-thát,quotidien
Radio,Radio,Radio,Radio,Radio,วิทยุ,wi-thá-yú,quotidien
Lumière,Light,Licht,Luz,Luce,แสง,sɛ̌ɛng,quotidien
Père,Father,Vater,Padre,Padre,พ่อ,phɔ̂ɔ,social
Mère,Mother,Mutter,Madre,Madre,แม่,mɛ̂ɛ,social
Fils,Son,Sohn,Hijo,Figlio,ลูกชาย,lûuk chaai,social
Fille,Daughter,Tochter,Hija,Figlia,ลูกสาว,lûuk sǎao,social
Frère,Brother,Bruder,Hermano,Fratello,พี่ชาย,phîi chaai,social
Sœur,Sister,Schwester,Hermana,Sorella,พี่สาว,phîi sǎao,social
Grand-père,Grandfather,Opa,Abuelo,Nonno,ปู่,puu,social
Grand-mère,Grandmother,Oma,Abuela,Nonna,ย่า,yâa,social
Oncle,Uncle,Onkel,Tío,Zio,ลุง,lung,social
Tante,Aunt,Tante,Tía,Zia,ป้า,pâa,social
Cousin,Cousin,Cousin,Primo/a,Cugino/a,ลูกพี่ลูกน้อง,lûuk phîi lûuk nɔ́ɔng,social
Mari,Husband,Ehemann,Marido,Marito,สามี,sǎa-mii,social
Femme,Wife,Ehefrau,Esposa,Moglie,ภรรยา,phan-rá-yaa,social
Enfant,Child,Kind,Niño/a,Bambino/a,เด็ก,dèk,social
Bébé,Baby,Baby,Bebé,Bebè,ทารก,thaa-rák,social
Garçon,Boy,Junge,Chico,Ragazzo,เด็กผู้ชาย,dèk phûu chaai,social
Fille,Girl,Mädchen,Chica,Ragazza,เด็กผู้หญิง,dèk phûu yǐng,social
Homme,Man,Mann,Hombre,Uomo,ผู้ชาย,phûu chaai,social
Femme,Woman,Frau,Mujer,Donna,ผู้หญิง,phûu yǐng,social
Content,Happy,Glücklich,Feliz,Felice,มีความสุข,mii khwaam sùk,social
Triste,Sad,Traurig,Triste,Triste,เศร้า,sào,social
Fatigué,Tired,Müde,Cansado/a,Stanco/a,เหนื่อย,nʉ̀ai,social
En colère,Angry,Wütend,Enfadado/a,Arrabbiato/a,โกรธ,groht,social
Surpris,Surprised,Überrascht,Sorprendido/a,Sorpreso/a,ตกใจ,dtòk jai,social
Effrayé,Scared,Angst,Asustado/a,Spaventato/a,กลัว,glua,social
Jaloux,Jealous,Eifersüchtig,Celoso/a,Geloso/a,อิจฉา,ìt-chaa,social
Amoureux,In love,Verliebt,Enamorado/a,Innamorato/a,ตกหลุมรัก,dtòk lùm rák,social
Seul,Lonely,Einsam,Solo/a,Solo/a,เหงา,ngǎo,social
Heureux,Happy,Glücklich,Feliz,Felice,มีความสุข,mii khwaam sùk,social
Musique,Music,Musik,Música,Musica,ดนตรี,dòn-dtrii,social
Chanson,Song,Lied,Canción,Canzone,เพลง,phleng,social
Danse,Dance,Tanz,Baile,Danza,เต้น,dtên,social
Cinéma,Cinema,Kino,Cine,Cinema,โรงภาพยนตร์,roong phâap yon,social
Théâtre,Theater,Theater,Teatro,Teatro,โรงละคร,roong lá-khɔɔn,social
Concert,Concert,Konzert,Concierto,Concerto,คอนเสิร์ต,khɔɔn-sə̂ət,social
Café,Cafe,Cafe,Cafetería,Caffè,คาเฟ่,khaa-fɛɛ,social
Bar,Bar,Bar,Bar,Bar,บาร์,baa,social
Restaurant,Restaurant,Restaurant,Restaurante,Ristorante,ร้านอาหาร,râan aa-hǎan,social
Plage,Beach,Strand,Playa,Spiaggia,ชายหาด,chaai hàat,social
Parc,Park,Park,Parque,Parco,สวน,sǔan,social
Zoo,Zoo,Zoo,Zoológico,Zoo,สวนสัตว์,sǔan sàt,social
Musée,Museum,Museum,Museo,Museo,พิพิธภัณฑ์,phi-phi-thàp-phǎn,social
Église,Church,Kirche,Iglesia,Chiesa,โบสถ์,boo-thǒ,social
Temple,Temple,Tempel,Templo,Tempio,วัด,wát,social
Monument,Monument,Denkmal,Monumento,Monumento,อนุสาวรีย์,à-nú-sǎao-ríi,social
Téléphone,Phone,Telefon,Teléfono,Telefono,โทรศัพท์,tho-ra-sàp,social
Message,Message,Nachricht,Mensaje,Messaggio,ข้อความ,khɔ̂ɔ-khwaam,social
Appeler,Call,Anrufen,Llamar,Chiamare,โทร,tho,social
Texter,Text,SMS,Enviar mensaje,Inviare messaggio,ส่งข้อความ,sòng khɔ̂ɔ-khwaam,social
Internet,Internet,Internet,Internet,Internet,อินเทอร์เน็ต,in-thəə-nét,social
Ordinateur,Computer,Computer,Computadora,Computer,คอมพิวเตอร์,khɔɔm-phiw-tôe,social
Application,App,App,Aplicación,Applicazione,แอปพลิเคชัน,ɛɛp-pli-kɛɛ-chán,social
Réseau social,Social network,Soziales Netzwerk,Red social,Social network,โซเชียลมีเดีย,soo-chəən mîi-dii-yaa,social
Photo,Photo,Foto,Foto,Foto,รูปภาพ,rûup phâap,social
Vidéo,Video,Video,Video,Video,วิดีโอ,wi-dii-o,social
Camera,Camera,Kamera,Cámara,Fotocamera,กล้อง,glɔ̂ɔng,social
Email,Email,E-Mail,Correo electrónico,Email,อีเมล,ii-meel,social
Site web,Website,Website,Sitio web,Sito web,เว็บไซต์,wép-sai,social
Mot de passe,Password,Passwort,Contraseña,Password,รหัสผ่าน,rà-hàt phaan,social
Bureau,Office,Büro,Oficina,Ufficio,สำนักงาน,sǎm-nák ngaan,travail
Entreprise,Company,Firma,Empresa,Azienda,บริษัท,bɔɔ-rí-sàt,travail
Directeur,Director,Direktor,Director,Direttore,ผู้อำนวยการ,phûu am-nuai gaan,travail
Manager,Manager,Manager,Gerente,Manager,ผู้จัดการ,phûu jat gaan,travail
Employé,Employee,Mitarbeiter,Empleado,Dipendente,พนักงาน,phanák ngaan,travail
Secrétaire,Secretary,Sekretärin,Secretario,Segretario,เลขานุการ,lék-khaa-nú-gaan,travail
Réunion,Meeting,Besprechung,Reunión,Riunione,ประชุม,prà-chum,travail
Projet,Project,Projekt,Proyecto,Progetto,โครงการ,khrong-gaan,travail
Contrat,Contract,Vertrag,Contrato,Contratto,สัญญา,sàn-yaa,travail
Salaire,Salary,Gehalt,Salario,Salario,เงินเดือน,ngern dʉan,travail
Vacances,Vacation,Urlaub,Vacaciones,Vacanze,วันหยุด,wan yùt,travail
Congé,Leave,Urlaub,Permiso,Permesso,ลา,laa,travail
Heures supplémentaires,Overtime,Überstunden,Horas extras,Straordinario,โอที,o-thii,travail
Formation,Training,Ausbildung,Capacitación,Formazione,การฝึกอบรม,gaan fʉ̀k ɔ̀ɔp-rom,travail
Promotion,Promotion,Beförderung,Promoción,Promozione,การเลื่อนตำแหน่ง,gaan lʉ̂an dtam-nɛ̀ng,travail
Démission,Resignation,Kündigung,Renuncia,Dimissioni,ลาออก,laa ɔ̀ɔk,travail
Recrutement,Recruitment,Einstellung,Reclutamiento,Reclutamento,การสรรหา,gaan sà-rà-hǎa,travail
CV,Resume,Lebenslauf,Currículum,Curriculum,เรซูเม่,ré-suu-mɛ̂ɛ,travail
Entretien,Interview,Bewerbungsgespräch,Entrevista,Colloquio,สัมภาษณ์,sàm-phǎa-sǎa,travail
École,School,Schule,Escuela,Scuola,โรงเรียน,roong-rian,travail
Université,University,Universität,Universidad,Università,มหาวิทยาลัย,mà-hǎa-wi-thá-yaa-lai,travail
Professeur,Professor,Professor,Profesor,Professore,อาจารย์,aa-jâan,travail
Étudiant,Student,Student,Estudiante,Studente,นักศึกษา,nák-sʉ̀k-sǎa,travail
Classe,Class,Klasse,Clase,Classe,ห้องเรียน,hɔ̂ɔng rian,travail
Cours,Course,Kurs,Curso,Corso,วิชา,wi-chaa,travail
Examen,Exam,Prüfung,Examen,Esame,สอบ,sɔ̌ɔp,travail
Note,Grade/Note,Note/Zensur,Nota,Voto,เกรด,grɛɛt,travail
Diplôme,Diploma,Diplom,Diploma,Diploma,ปริญญา,prìn-yaa,travail
Recherche,Research,Forschung,Investigación,Ricerca,การวิจัย,gaan wi-jai,travail
Bibliothèque,Library,Bibliothek,Biblioteca,Biblioteca,หอสมุด,hɔ̌ɔ sà-mùt,travail
Livre,Book,Buch,Libro,Libro,หนังสือ,nǎng-sʉ̌ʉ,travail
Cahier,Notebook,Heft,Cuaderno,Quaderno,สมุด,sà-mùt,travail
Stylo,Pen,Stift,Bolígrafo,Penna,ปากกา,pâak-gaa,travail
Crayon,Pencil,Bleistift,Lápiz,Matita,ดินสอ,din-sɔ̌ɔ,travail
Gomme,Eraser,Radiergummi,Goma de borrar,Gomma,ยางลบ,yang lóp,travail
Règle,Ruler,Lineal,Regla,Righello,ไม้บรรทัด,mâi ban-thát,travail
Calculatrice,Calculator,Taschenrechner,Calculadora,Calcolatrice,เครื่องคิดเลข,khrʉ̂ang khít lék,travail
Ordinateur,Computer,Computer,Computadora,Computer,คอมพิวเตอร์,khɔɔm-phiw-tôe,travail
Imprimante,Printer,Drucker,Impresora,Stampante,เครื่องพิมพ์,khrʉ̂ang phim,travail
Photocopieuse,Photocopier,Kopierer,Fotocopiadora,Fotocopiatrice,เครื่องถ่ายเอกสาร,khrʉ̂ang thâai èek-kà-sǎan,travail
Marché,Market,Markt,Mercado,Mercato,ตลาด,dtà-làat,special
Magasin,Store,Geschäft,Tienda,Negozio,ร้านค้า,râan khâa,special
Supermarché,Supermarket,Supermarkt,Supermercado,Supermercato,ซูเปอร์มาร์เก็ต,suu-pəə maa-khét,special
Acheter,Buy,Kaufen,Comprar,Comprare,ซื้อ,sʉ́ʉ,special
Vendre,Sell,Verkaufen,Vender,Vendere,ขาย,khâai,special
Prix,Price,Preis,Precio,Prezzo,ราคา,raakhaa,special
Cher,Expensive,Teuer,Caro,Caro,แพง,phɛɛng,special
Pas cher,Cheap,Billig,Barato,Economico,ถูก,thùuk,special
Argent,Money,Geld,Dinero,Denaro,เงิน,ngern,special
Banque,Bank,Bank,Banco,Banca,ธนาคาร,thà-naa-khaan,special
Carte bancaire,Credit card,Kreditkarte,Tarjeta de crédito,Carta di credito,บัตรเครดิต,bàt khé-dìt,special
Espèces,Cash,Bar,Bargeld,Contanti,เงินสด,ngern sòt,special
Chèque,Check,Scheck,Cheque,Assegno,เช็ค,chék,special
Facture,Bill,Rechnung,Factura,Fattura,ใบเสร็จ,bai sèrt,special
Reçu,Receipt,Quittung,Recibo,Ricevuta,ใบรับ,bai ráp,special
Soldes,Sales,Ausverkauf,Rebajas,Saldi,ลดราคา,lót raakhaa,special
Rabais,Discount,Rabatt,Descuento,Sconto,ส่วนลด,sùan lót,special
Offre spéciale,Special offer,Sonderangebot,Oferta especial,Offerta speciale,โปรโมชั่น,proo-moo-chán,special
Urgence,Emergency,Notfall,Emergencia,Emergenza,ฉุกเฉิน,chúk-chəən,special
Hôpital,Hospital,Krankenhaus,Hospital,Ospedale,โรงพยาบาล,roong phà-yaa-baan,special
Médecin,Doctor,Arzt,Médico,Dottore,แพทย์,phɛ̂ɛt,special
Infirmière,Nurse,Krankenschwester,Enfermera,Infermiera,พยาบาล,phà-yaa-baan,special
Maladie,Illness,Krankheit,Enfermedad,Malattia,โรค,rohk,special
Douleur,Pain,Schmerz,Dolor,Dolore,ปวด,puat,special
Fièvre,Fever,Fieber,Fiebre,Febbre,ไข้,khâi,special
Toux,Cough,Husten,Tos,Tosse,ไอ,ai,special
Rhume,Cold,Erkältung,Resfriado,Raffreddore,หวัด,huàt,special
Blessure,Wound,Verletzung,Herida,Ferita,บาดเจ็บ,bàat jèp,special
Sang,Blood,Blut,Sangre,Sangue,เลือด,lʉ̂at,special
Médicament,Medicine,Medikament,Medicamento,Medicina,ยา,yaa,special
Ordonnance,Prescription,Rezept,Receta,Ricetta,ใบสั่งยา,bai sàng yaa,special
Pharmacie,Pharmacy,Apotheke,Farmacia,Farmacia,ร้านขายยา,râan khâai yaa,special
Secours,Help,Hilfe,Ayuda,Aiuto,ช่วยเหลือ,chûai lʉ̂a,special
Ambulance,Ambulance,Krankenwagen,Ambulancia,Ambulanza,รถพยาบาล,rót phà-yaa-baan,special
Pompiers,Firefighters,Feuerwehr,Bomberos,Vigili del fuoco,นักดับเพลิง,nák dàp phleng,special
Feu,Fire,Feuer,Incendio,Incendio,ไฟไหม้,fai mǎi,special
Accident,Accident,Unfall,Accidente,Incidente,อุบัติเหตุ,ù-bàt-tì-hèdt,special
Vol,Theft,Diebstahl,Robo,Furto,โจรกรรม,jɔɔn-gam,special
Crime,Crime,Verbrechen,Crimen,Crimine,อาชญากรรม,aa-chá-yaa-gam,special
Victime,Victim,Opfer,Víctima,Vittima,เหยื่อ,yʉ̂a,special
Témoin,Witness,Zeuge,Testigo,Testimone,พยาน,phá-yaan,special
Prison,Prison,Gefängnis,Prisión,Prigione,คุก,khúk,special
Juge,Judge,Richter,Juez,Giudice,ผู้พิพากษา,phûu phí-pâak-sǎa,special
Avocat,Lawyer,Anwalt,Abogado,Avvocato,ทนายความ,thà-naai khwaam,special
Procès,Trial,Prozess,Juicio,Processo,การพิจารณาคดี,gaan phí-jâa-rá-naa khá-dii,special
Voyage,Trip,Reise,Viaje,Viaggio,การเดินทาง,gaan dəən-thaang,special
Destination,Destination,Ziel,Destino,Destinazione,จุดหมาย,jùt-mǎai,special
Valise,Suitcase,Koffer,Maleta,Valigia,กระเป๋าเดินทาง,grà-pǎo dəən-thaang,special
Passeport,Passport,Reisepass,Pasaporte,Passaporto,หนังสือเดินทาง,nǎng-sʉ̌ʉ dəən-thaang,special
Visa,Visa,Visum,Visa,Visto,วีซ่า,wii-saa,special
Douane,Customs,Zoll,Aduana,Dogana,ศุลกากร,sùn-gaa-gɔɔn,special
Frontière,Border,Grenze,Frontera,Confine,ชายแดน,chaai dɛɛn,special
Carte,Map,Karte,Mapa,Mappa,แผนที่,phɛ̂ɛn thîi,special
Guide,Guide,Führer,Guía,Guida,ไกด์,gai,special
Touriste,Tourist,Tourist,Turista,Turista,นักท่องเที่ยว,nák thoong-thîao,special
Hôtel,Hotel,Hotel,Hotel,Hotel,โรงแรม,roong-rɛɛm,special
Réservation,Reservation,Reservierung,Reserva,Prenotazione,การจอง,gaan jɔɔng,special
Chambre,Room,Zimmer,Habitación,Stanza,ห้อง,hɔ̂ɔng,special
Réception,Reception,Rezeption,Recepción,Ricezione,แผนกต้อนรับ,phɛ̂ɛn-gàk dtɔ̂ɔn ráp,special
Clé,Key,Schlüssel,Llave,Chiave,กุญแจ,gun-jɛɛ,special
Bagages,Luggage,Gepäck,Equipaje,Bagagli,สัมภาระ,sàm-phâa-rá,special
Excursion,Excursion,Ausflug,Excursión,Escursione,ทริป,thíp,special
Monument,Monument,Denkmal,Monumento,Monumento,อนุสาวรีย์,à-nú-sǎao-ríi,special
Musée,Museum,Museum,Museo,Museo,พิพิธภัณฑ์,phi-phi-thàp-phǎn,special
Culture,Culture,Kultur,Cultura,Cultura,วัฒนธรรม,wát-thá-ná-tham,special
Religion,Religion,Religion,Religión,Religione,ศาสนา,sǎat-sà-naa,special
Temple,Temple,Tempel,Templo,Tempio,วัด,wát,special
Moine,Monk,Mönch,Monje,Monaco,พระ,phrá,special
Prière,Prayer,Gebet,Oración,Preghiera,การสวดมนต์,gaan sùat món,special
Fête,Festival,Fest,Festival,Festa,เทศกาล,thɛ̂ɛt-sà-gaan,special
Cérémonie,Ceremony,Zeremonie,Ceremonia,Cerimonia,พิธี,phí-thii,special
Tradition,Tradition,Tradition,Tradición,Tradizione,ประเพณี,prà-phe-nii,special
Respect,Respect,Respekt,Respeto,Rispetto,ความเคารพ,khwaam khau-róp,special
Politesse,Politeness,Höflichkeit,Cortesía,Cortesia,มารยาท,maa-rá-yâat,special
Coutume,Custom,Brauch,Costumbre,Costume,ขนบธรรมเนียม,khà-nóp tham-níam,special
